{"frames":{"image.png":{"frame":{"x":0,"y":0,"w":150,"h":250,"idx":0},"spriteSourceSize":{"x":0,"y":0},"sourceSize":{"w":150,"h":250}},"bg.png":{"frame":{"x":0,"y":252,"w":100,"h":79,"idx":0},"spriteSourceSize":{"x":0,"y":0},"sourceSize":{"w":100,"h":79}},"clip_num.png":{"frame":{"x":102,"y":252,"w":240,"h":27,"idx":0},"spriteSourceSize":{"x":0,"y":0},"sourceSize":{"w":240,"h":27}},"combobox.png":{"frame":{"x":152,"y":0,"w":91,"h":69,"idx":0},"spriteSourceSize":{"x":0,"y":0},"sourceSize":{"w":91,"h":69}},"tab.png":{"frame":{"x":245,"y":0,"w":70,"h":78,"idx":0},"spriteSourceSize":{"x":0,"y":0},"sourceSize":{"w":70,"h":78}},"button.png":{"frame":{"x":152,"y":71,"w":75,"h":69,"idx":0},"spriteSourceSize":{"x":0,"y":0},"sourceSize":{"w":75,"h":69}},"clip_selectBox.png":{"frame":{"x":102,"y":281,"w":100,"h":40,"idx":0},"spriteSourceSize":{"x":0,"y":0},"sourceSize":{"w":100,"h":40}},"html.png":{"frame":{"x":102,"y":323,"w":120,"h":18,"idx":0},"spriteSourceSize":{"x":0,"y":0},"sourceSize":{"w":120,"h":18}},"linkbutton.png":{"frame":{"x":204,"y":281,"w":120,"h":18,"idx":0},"spriteSourceSize":{"x":0,"y":0},"sourceSize":{"w":120,"h":18}},"label.png":{"frame":{"x":204,"y":301,"w":120,"h":18,"idx":0},"spriteSourceSize":{"x":0,"y":0},"sourceSize":{"w":120,"h":18}},"textarea.png":{"frame":{"x":224,"y":321,"w":91,"h":23,"idx":0},"spriteSourceSize":{"x":0,"y":0},"sourceSize":{"w":91,"h":23}},"textinput.png":{"frame":{"x":152,"y":142,"w":91,"h":23,"idx":0},"spriteSourceSize":{"x":0,"y":0},"sourceSize":{"w":91,"h":23}},"btn_close.png":{"frame":{"x":326,"y":281,"w":28,"h":60,"idx":0},"spriteSourceSize":{"x":0,"y":0},"sourceSize":{"w":28,"h":60}},"vscroll$bar.png":{"frame":{"x":344,"y":0,"w":17,"h":63,"idx":0},"spriteSourceSize":{"x":0,"y":0},"sourceSize":{"w":17,"h":63}},"hscroll$bar.png":{"frame":{"x":344,"y":65,"w":21,"h":51,"idx":0},"spriteSourceSize":{"x":0,"y":0},"sourceSize":{"w":21,"h":51}},"vscroll$down.png":{"frame":{"x":344,"y":118,"w":17,"h":51,"idx":0},"spriteSourceSize":{"x":0,"y":0},"sourceSize":{"w":17,"h":51}},"hscroll$up.png":{"frame":{"x":344,"y":171,"w":17,"h":51,"idx":0},"spriteSourceSize":{"x":0,"y":0},"sourceSize":{"w":17,"h":51}},"hscroll$down.png":{"frame":{"x":344,"y":224,"w":17,"h":51,"idx":0},"spriteSourceSize":{"x":0,"y":0},"sourceSize":{"w":17,"h":51}},"vscroll$up.png":{"frame":{"x":317,"y":0,"w":17,"h":51,"idx":0},"spriteSourceSize":{"x":0,"y":0},"sourceSize":{"w":17,"h":51}},"clip_tree_folder.png":{"frame":{"x":317,"y":53,"w":16,"h":48,"idx":0},"spriteSourceSize":{"x":0,"y":0},"sourceSize":{"w":16,"h":48}},"progress$bar.png":{"frame":{"x":229,"y":103,"w":50,"h":14,"idx":0},"spriteSourceSize":{"x":0,"y":0},"sourceSize":{"w":50,"h":14}},"progress.png":{"frame":{"x":229,"y":80,"w":50,"h":14,"idx":0},"spriteSourceSize":{"x":0,"y":0},"sourceSize":{"w":50,"h":14}},"vslider.png":{"frame":{"x":335,"y":53,"w":6,"h":100,"idx":0},"spriteSourceSize":{"x":0,"y":0},"sourceSize":{"w":6,"h":100}},"hslider.png":{"frame":{"x":0,"y":333,"w":100,"h":6,"idx":0},"spriteSourceSize":{"x":0,"y":0},"sourceSize":{"w":100,"h":6}},"hslider$bar.png":{"frame":{"x":281,"y":80,"w":14,"h":42,"idx":0},"spriteSourceSize":{"x":0,"y":0},"sourceSize":{"w":14,"h":42}},"checkbox.png":{"frame":{"x":297,"y":80,"w":14,"h":42,"idx":0},"spriteSourceSize":{"x":0,"y":0},"sourceSize":{"w":14,"h":42}},"radiogroup.png":{"frame":{"x":313,"y":103,"w":14,"h":42,"idx":0},"spriteSourceSize":{"x":0,"y":0},"sourceSize":{"w":14,"h":42}},"radio.png":{"frame":{"x":245,"y":119,"w":14,"h":42,"idx":0},"spriteSourceSize":{"x":0,"y":0},"sourceSize":{"w":14,"h":42}},"vslider$bar.png":{"frame":{"x":261,"y":119,"w":14,"h":42,"idx":0},"spriteSourceSize":{"x":0,"y":0},"sourceSize":{"w":14,"h":42}},"hscroll.png":{"frame":{"x":277,"y":124,"w":33,"h":17,"idx":0},"spriteSourceSize":{"x":0,"y":0},"sourceSize":{"w":33,"h":17}},"vscroll.png":{"frame":{"x":277,"y":143,"w":17,"h":33,"idx":0},"spriteSourceSize":{"x":0,"y":0},"sourceSize":{"w":17,"h":33}},"clip_tree_arrow.png":{"frame":{"x":296,"y":143,"w":14,"h":28,"idx":0},"spriteSourceSize":{"x":0,"y":0},"sourceSize":{"w":14,"h":28}},"blank.png":{"frame":{"x":229,"y":119,"w":10,"h":10,"idx":0},"spriteSourceSize":{"x":0,"y":0},"sourceSize":{"w":10,"h":10}}},"meta":{"app":"http:\/\/www.layabox.com","version":"0.1.0 alpha","format":"json","scale":1,"image":"comp.png","prefix":"comp\/","timestamp":1473965645}}
