{"frames":{"goodDialog.png":{"frame":{"x":0,"y":0,"w":468,"h":286,"idx":0},"spriteSourceSize":{"x":0,"y":0},"sourceSize":{"w":468,"h":286}},"goodDialog2.png":{"frame":{"x":470,"y":0,"w":468,"h":254,"idx":0},"spriteSourceSize":{"x":0,"y":0},"sourceSize":{"w":468,"h":254}},"badDialog.png":{"frame":{"x":470,"y":256,"w":468,"h":197,"idx":0},"spriteSourceSize":{"x":0,"y":0},"sourceSize":{"w":468,"h":197}},"car_mask2.png":{"frame":{"x":0,"y":288,"w":178,"h":261,"idx":0},"spriteSourceSize":{"x":0,"y":0},"sourceSize":{"w":178,"h":261}},"car_mask.png":{"frame":{"x":180,"y":288,"w":178,"h":258,"idx":0},"spriteSourceSize":{"x":0,"y":0},"sourceSize":{"w":178,"h":258}},"chick3.png":{"frame":{"x":360,"y":455,"w":178,"h":178,"idx":0},"spriteSourceSize":{"x":0,"y":0},"sourceSize":{"w":178,"h":178}},"chick2.png":{"frame":{"x":540,"y":455,"w":178,"h":178,"idx":0},"spriteSourceSize":{"x":0,"y":0},"sourceSize":{"w":178,"h":178}},"chick1.png":{"frame":{"x":720,"y":455,"w":178,"h":178,"idx":0},"spriteSourceSize":{"x":0,"y":0},"sourceSize":{"w":178,"h":178}},"logo3.png":{"frame":{"x":0,"y":551,"w":313,"h":99,"idx":0},"spriteSourceSize":{"x":0,"y":0},"sourceSize":{"w":313,"h":99}},"freelogo.png":{"frame":{"x":315,"y":635,"w":313,"h":97,"idx":0},"spriteSourceSize":{"x":0,"y":0},"sourceSize":{"w":313,"h":97}},"logo2.png":{"frame":{"x":630,"y":635,"w":313,"h":97,"idx":0},"spriteSourceSize":{"x":0,"y":0},"sourceSize":{"w":313,"h":97}},"startBtn_d.png":{"frame":{"x":0,"y":652,"w":284,"h":95,"idx":0},"spriteSourceSize":{"x":0,"y":0},"sourceSize":{"w":284,"h":95}},"startBtn_l.png":{"frame":{"x":286,"y":734,"w":283,"h":94,"idx":0},"spriteSourceSize":{"x":0,"y":0},"sourceSize":{"w":283,"h":94}},"startBtn.png":{"frame":{"x":571,"y":734,"w":283,"h":94,"idx":0},"spriteSourceSize":{"x":0,"y":0},"sourceSize":{"w":283,"h":94}},"car.png":{"frame":{"x":940,"y":0,"w":159,"h":155,"idx":0},"spriteSourceSize":{"x":0,"y":0},"sourceSize":{"w":159,"h":155}},"car2.png":{"frame":{"x":940,"y":157,"w":158,"h":155,"idx":0},"spriteSourceSize":{"x":0,"y":0},"sourceSize":{"w":158,"h":155}},"car3.png":{"frame":{"x":940,"y":314,"w":158,"h":155,"idx":0},"spriteSourceSize":{"x":0,"y":0},"sourceSize":{"w":158,"h":155}},"goBtn.png":{"frame":{"x":900,"y":471,"w":193,"h":80,"idx":0},"spriteSourceSize":{"x":0,"y":0},"sourceSize":{"w":193,"h":80}},"sureBtn.png":{"frame":{"x":900,"y":553,"w":193,"h":80,"idx":0},"spriteSourceSize":{"x":0,"y":0},"sourceSize":{"w":193,"h":80}},"continueBtn.png":{"frame":{"x":856,"y":734,"w":193,"h":80,"idx":0},"spriteSourceSize":{"x":0,"y":0},"sourceSize":{"w":193,"h":80}},"gift3.png":{"frame":{"x":0,"y":749,"w":138,"h":98,"idx":0},"spriteSourceSize":{"x":0,"y":0},"sourceSize":{"w":138,"h":98}},"gift1.png":{"frame":{"x":140,"y":749,"w":137,"h":98,"idx":0},"spriteSourceSize":{"x":0,"y":0},"sourceSize":{"w":137,"h":98}},"gift2.png":{"frame":{"x":945,"y":635,"w":138,"h":97,"idx":0},"spriteSourceSize":{"x":0,"y":0},"sourceSize":{"w":138,"h":97}},"closeBtn.png":{"frame":{"x":856,"y":816,"w":113,"h":114,"idx":0},"spriteSourceSize":{"x":0,"y":0},"sourceSize":{"w":113,"h":114}},"fire4.png":{"frame":{"x":360,"y":288,"w":108,"h":116,"idx":0},"spriteSourceSize":{"x":0,"y":0},"sourceSize":{"w":108,"h":116}},"fire3.png":{"frame":{"x":971,"y":816,"w":108,"h":116,"idx":0},"spriteSourceSize":{"x":0,"y":0},"sourceSize":{"w":108,"h":116}},"fire1.png":{"frame":{"x":279,"y":830,"w":108,"h":116,"idx":0},"spriteSourceSize":{"x":0,"y":0},"sourceSize":{"w":108,"h":116}},"fire2.png":{"frame":{"x":389,"y":830,"w":108,"h":116,"idx":0},"spriteSourceSize":{"x":0,"y":0},"sourceSize":{"w":108,"h":116}},"coinDi.png":{"frame":{"x":499,"y":830,"w":209,"h":54,"idx":0},"spriteSourceSize":{"x":0,"y":0},"sourceSize":{"w":209,"h":54}},"fire.png":{"frame":{"x":710,"y":830,"w":79,"h":91,"idx":0},"spriteSourceSize":{"x":0,"y":0},"sourceSize":{"w":79,"h":91}},"freeBtn.png":{"frame":{"x":0,"y":849,"w":85,"h":80,"idx":0},"spriteSourceSize":{"x":0,"y":0},"sourceSize":{"w":85,"h":80}},"freeBtn_b.png":{"frame":{"x":87,"y":849,"w":85,"h":80,"idx":0},"spriteSourceSize":{"x":0,"y":0},"sourceSize":{"w":85,"h":80}},"300Btn.png":{"frame":{"x":174,"y":849,"w":85,"h":80,"idx":0},"spriteSourceSize":{"x":0,"y":0},"sourceSize":{"w":85,"h":80}},"300Btn_b.png":{"frame":{"x":499,"y":886,"w":85,"h":80,"idx":0},"spriteSourceSize":{"x":0,"y":0},"sourceSize":{"w":85,"h":80}},"800Btn.png":{"frame":{"x":586,"y":886,"w":85,"h":80,"idx":0},"spriteSourceSize":{"x":0,"y":0},"sourceSize":{"w":85,"h":80}},"800Btn_b.png":{"frame":{"x":673,"y":923,"w":85,"h":80,"idx":0},"spriteSourceSize":{"x":0,"y":0},"sourceSize":{"w":85,"h":80}},"clawright.png":{"frame":{"x":760,"y":923,"w":68,"h":98,"idx":0},"spriteSourceSize":{"x":0,"y":0},"sourceSize":{"w":68,"h":98}},"clawleft.png":{"frame":{"x":0,"y":931,"w":68,"h":98,"idx":0},"spriteSourceSize":{"x":0,"y":0},"sourceSize":{"w":68,"h":98}},"clawF_2.png":{"frame":{"x":70,"y":931,"w":99,"h":52,"idx":0},"spriteSourceSize":{"x":0,"y":0},"sourceSize":{"w":99,"h":52}},"clawF.png":{"frame":{"x":171,"y":931,"w":99,"h":52,"idx":0},"spriteSourceSize":{"x":0,"y":0},"sourceSize":{"w":99,"h":52}},"clawB.png":{"frame":{"x":830,"y":932,"w":99,"h":52,"idx":0},"spriteSourceSize":{"x":0,"y":0},"sourceSize":{"w":99,"h":52}},"buyCoinBtn.png":{"frame":{"x":791,"y":830,"w":60,"h":60,"idx":0},"spriteSourceSize":{"x":0,"y":0},"sourceSize":{"w":60,"h":60}},"sound_on.png":{"frame":{"x":1051,"y":734,"w":52,"h":54,"idx":0},"spriteSourceSize":{"x":0,"y":0},"sourceSize":{"w":52,"h":54}},"ruleBtn.png":{"frame":{"x":931,"y":934,"w":52,"h":54,"idx":0},"spriteSourceSize":{"x":0,"y":0},"sourceSize":{"w":52,"h":54}},"listBtn.png":{"frame":{"x":985,"y":934,"w":52,"h":54,"idx":0},"spriteSourceSize":{"x":0,"y":0},"sourceSize":{"w":52,"h":54}},"sound_off.png":{"frame":{"x":1039,"y":934,"w":52,"h":54,"idx":0},"spriteSourceSize":{"x":0,"y":0},"sourceSize":{"w":52,"h":54}},"coin.png":{"frame":{"x":272,"y":948,"w":52,"h":52,"idx":0},"spriteSourceSize":{"x":0,"y":0},"sourceSize":{"w":52,"h":52}},"freePic.png":{"frame":{"x":360,"y":406,"w":59,"h":45,"idx":0},"spriteSourceSize":{"x":0,"y":0},"sourceSize":{"w":59,"h":45}},"icon.png":{"frame":{"x":421,"y":406,"w":44,"h":44,"idx":0},"spriteSourceSize":{"x":0,"y":0},"sourceSize":{"w":44,"h":44}},"icon_pic.png":{"frame":{"x":326,"y":948,"w":44,"h":44,"idx":0},"spriteSourceSize":{"x":0,"y":0},"sourceSize":{"w":44,"h":44}},"icondi.png":{"frame":{"x":315,"y":548,"w":40,"h":40,"idx":0},"spriteSourceSize":{"x":0,"y":0},"sourceSize":{"w":40,"h":40}},"wheel.png":{"frame":{"x":315,"y":590,"w":39,"h":39,"idx":0},"spriteSourceSize":{"x":0,"y":0},"sourceSize":{"w":39,"h":39}},"star.png":{"frame":{"x":372,"y":948,"w":40,"h":38,"idx":0},"spriteSourceSize":{"x":0,"y":0},"sourceSize":{"w":40,"h":38}},"lightpic.png":{"frame":{"x":414,"y":948,"w":78,"h":19,"idx":0},"spriteSourceSize":{"x":0,"y":0},"sourceSize":{"w":78,"h":19}},"darkpic.png":{"frame":{"x":494,"y":968,"w":77,"h":19,"idx":0},"spriteSourceSize":{"x":0,"y":0},"sourceSize":{"w":77,"h":19}},"vscroll$bar.png":{"frame":{"x":1085,"y":635,"w":17,"h":63,"idx":0},"spriteSourceSize":{"x":0,"y":0},"sourceSize":{"w":17,"h":63}},"crown.png":{"frame":{"x":673,"y":886,"w":33,"h":29,"idx":0},"spriteSourceSize":{"x":0,"y":0},"sourceSize":{"w":33,"h":29}},"vscroll$up.png":{"frame":{"x":286,"y":652,"w":17,"h":51,"idx":0},"spriteSourceSize":{"x":0,"y":0},"sourceSize":{"w":17,"h":51}},"vscroll$down.png":{"frame":{"x":1081,"y":790,"w":17,"h":51,"idx":0},"spriteSourceSize":{"x":0,"y":0},"sourceSize":{"w":17,"h":51}},"vscroll.png":{"frame":{"x":1081,"y":843,"w":17,"h":33,"idx":0},"spriteSourceSize":{"x":0,"y":0},"sourceSize":{"w":17,"h":33}}},"meta":{"app":"http:\/\/www.layabox.com","version":"0.1.0 alpha","format":"json","scale":1,"image":"game.png","prefix":"game\/","timestamp":1494209080}}
