{"frames":{"loadingBar.png":{"frame":{"x":0,"y":0,"w":335,"h":37,"idx":0},"spriteSourceSize":{"x":0,"y":0},"sourceSize":{"w":335,"h":37}},"chickrun2.png":{"frame":{"x":0,"y":39,"w":93,"h":95,"idx":0},"spriteSourceSize":{"x":0,"y":0},"sourceSize":{"w":93,"h":95}},"chickrun3.png":{"frame":{"x":0,"y":136,"w":93,"h":95,"idx":0},"spriteSourceSize":{"x":0,"y":0},"sourceSize":{"w":93,"h":95}},"chickrun4.png":{"frame":{"x":95,"y":39,"w":93,"h":95,"idx":0},"spriteSourceSize":{"x":0,"y":0},"sourceSize":{"w":93,"h":95}},"chickrun5.png":{"frame":{"x":190,"y":39,"w":93,"h":95,"idx":0},"spriteSourceSize":{"x":0,"y":0},"sourceSize":{"w":93,"h":95}},"chickrun6.png":{"frame":{"x":95,"y":136,"w":93,"h":95,"idx":0},"spriteSourceSize":{"x":0,"y":0},"sourceSize":{"w":93,"h":95}},"chickrun1.png":{"frame":{"x":190,"y":136,"w":93,"h":95,"idx":0},"spriteSourceSize":{"x":0,"y":0},"sourceSize":{"w":93,"h":95}},"loadingBar2.png":{"frame":{"x":0,"y":233,"w":321,"h":27,"idx":0},"spriteSourceSize":{"x":0,"y":0},"sourceSize":{"w":321,"h":27}}},"meta":{"app":"http:\/\/www.layabox.com","version":"0.1.0 alpha","format":"json","scale":1,"image":"loading.png","prefix":"loading\/","timestamp":1494209080}}
